<header>
  <author>동아일보</author>
  <date>20110531</date>
  <subclass>정치</subclass>
</header>
<body>
  <p>저축은행 게이트 / ‘정관계 마당발’ 변호사 동원여부 조사</p>
  <p>■ 부산저축銀 전방위 로비</p>
  <p>민정수석에 전화 걸었지만 “청탁받고 로비한건 아니다”</p>
  <p>부산저축은행그룹이 무리하게 몸집을 키운 뒤 대주주와 경영진의 비리 전횡으로 퇴출되는 과정에서 금융당국과 정관계 고위 인사들을 상대로 광범위하게 로비한 사실이 검찰 수사를 통해 속속 드러나고 있다.</p>
  <p>부산저축은행그룹의 로비는 금융감독원이 지난해 2월부터 10월까지 예금보험공사와 함께 부산저축은행그룹에 대해 벌인 공동 검사 시기에 집중됐다. 감사원 요구로 금감원이 강도 높은 검사에 착수하자 부산저축은행그룹 측이 이를 막아내기 위해 전방위로 로비에 나선 것. 은행 감사는 물론이고 로비스트로 활동한 금융브로커를 전면에 내세워 필사적인 구명 로비를 펼친 정황이 곳곳에서 감지되고 있다.</p>
  <p>부산저축은행그룹은 평소 금품을 건네며 친분을 쌓아온 금감원 중간 간부를 통해서는 감사원이 금감원에 보낸 기밀서류인 ‘감사질문서’를 빼냈다. 또 부산저축은행그룹의 로비스트인 윤여성 씨(56·구속)는 잘 알고 지내온 은진수 전 감사원 감사위원에게 7000만 원을 건네며 지난해 당시 금감원장이었던 김종창 씨에게 검사 무마 청탁을 해 달라고 로비했다.</p>
  <p>또 검찰은 부산저축은행그룹 대주주와 경영진이 정관계에 발이 넓은 것으로 알려진 박모 변호사도 퇴출 저지를 위해 동원했는지 조사하고 있다. 박 변호사는 지난해 권재진 대통령민정수석비서관에게 부산저축은행 문제와 관련해 전화를 건 사실이 확인됐다. 권 수석은 “부산저축은행 얘기를 하기에 직무상 관련 없는 사안이라 그냥 끊었다”는 입장이다. 박 변호사도 “청탁을 받고 로비한 적이 없다”며 모두 청탁 관련성을 부인하고 있다.</p>
  <p>검찰 안팎에서는 부산저축은행이 다른 저축은행을 잇달아 인수하며 몸집을 불리는 과정에서 이를 비호해준 전 정권 핵심 인사들도 수사 타깃이라고 보는 이가 많다. 검찰은 우선 부산저축은행그룹의 2대 주주이자 해동건설 회장인 박형선 씨를 주목하고 있다. 박 씨는 노무현 정부에서 청와대 고위직을 지낸 인사는 물론이고 민주당 내 동교동계 핵심 인사들과도 가까운 사이인 것으로 전해졌다. 또 일부에서는 박 씨가 지난 정부에서 공직에 진출하지 못한 ‘386’ 정치인들을 경제적으로 후원했다는 이야기도 나온다.</p>
  <p>하지만 박 씨는 검찰의 집요한 추궁에도 로비 의혹에 대해 함구하고 있다고 한다.</p>
  <byline>전성철 기자 dawn@donga.com,최창봉 기자 ceric@donga.com</byline>
</body>
