<header>
  <author>동아일보</author>
  <date>20110722</date>
  <subclass>경제</subclass>
</header>
<body>
  <p>비가 오면 장화 광고… 해 뜨면 수영복 광고… 옥외광고의 진화</p>
  <p>월요일이면 액정표시장치(LCD) 광고판이 설치된 서울의 300개 버스정류장에는 전날 TV 음악프로그램 ‘나는 가수다’에 등장했던 노래들이 인기순위 표와 함께 등장한다. 한 인터넷 음악사이트의 광고다. 최근 장마가 끝나고 본격적인 휴가철이 시작되면서 전국 1400개 아파트 단지 엘리베이터의 LCD 광고판도 일제히 바뀌었다. ‘휴가철이니 우유와 신문 배달은 잠시 중지시키고 방범에 신경쓰세요’라는 안내문구가 나오기 시작했다.</p>
  <p>최근 본격적으로 도입하기 시작한 ‘디지털 사이니지’라는 새로운 옥외광고 덕분에 가능해진 일들이다. 디지털 사이니지는 기존 광고판과는 달리 통신망을 통해 중앙에서 광고판 하나하나를 제어할 수 있다. 전에는 사람이 일일이 손으로 광고를 바꿔야 해 광고를 교체하는 데에만 며칠씩 걸렸다. 하지만 디지털 사이니지는 ‘똑똑한 옥외광고’를 가능하게 한다.</p>
  <p>디지털 사이니지는 이 밖에도 다양한 방식으로 활용할 수 있다. 비가 오면 장화 광고, 해가 뜨면 수영복 광고를 보여주는 식이다. 디지털 사이니지는 이런 식의 맞춤형 광고를 중앙 관제실에서 실시간으로 통제한다.</p>
  <p>서울 지하철 1∼4호선 120개 역사에 설치된 다음의 ‘디지털뷰’는 터치스크린 방식의 광고판이다. 동영상 광고를 상영하는 것은 물론이고 주변 지도를 살피거나 인터넷 검색도 할 수 있다. 최근 이 회사가 선보인 ‘스토어뷰’라는 지도 기능도 PC나 스마트폰에 앞서 이 디지털뷰에서 가장 먼저 서비스된다. 스토어뷰는 매장에 들어가지 않아도 내부를 촬영한 카메라를 돌려보며 마치 가게 안에 들어간 것처럼 미리 분위기를 살필 수 있는 서비스인데, 다음이 광고판이 있는 지하철역 인근 매장부터 스토어뷰 촬영을 진행하기 때문이다.</p>
  <p>앞으로는 근거리통신기술(NFC)과 같은 새로운 기술을 이용한 디지털 사이니지도 등장할 것으로 보인다. 예를 들어 옥외의 LCD 광고판에 사용자가 스마트폰을 갖다 대면 광고 속 매장의 할인 쿠폰이 자동으로 전달되는 것이다.</p>
  <p>얼굴 인식 광고도 등장했다. 일본 전자업체 NEC는 지난해 ‘패널디렉터’라는 새로운 광고판을 선보였다. 옥외광고판에 소형 카메라를 달아 광고를 지켜보는 사람의 얼굴을 촬영하는 것이다. NEC는 이렇게 촬영한 얼굴을 미리 만들어 놓은 데이터베이스와 비교한 뒤 인종과 나이, 성별 등을 판단해 맞춤형 광고를 제공할 계획이다.</p>
  <p>일본 통신사 NTT도 도쿄 시나가와역에 이처럼 카메라가 들어간 광고판을 시범 설치했다. 다만 NEC의 광고판처럼 사람의 얼굴을 파악하는 대신 사람 얼굴과 시선을 파악해 몇 명이 광고를 봤는지를 헤아린다. 광고 효과를 자동으로 파악하는 것이다.</p>
  <p>KT 디지털 사이니지 TF팀장 정광수 상무는 “디지털 사이니지는 전국단위 광고를 원하는 대기업은 물론이고 특정 길목을 지나는 사람에게만 싼값으로 광고를 보여주고 싶은 개인사업자까지 모두 이용할 수 있는 광고”라며 “앞으로 다양한 쌍방향 서비스를 구현해 재미있는 엔터테인먼트 기기처럼 접근할 수 있도록 만드는 게 목표”라고 말했다.</p>
</body>
