<header>
  <author>동아일보</author>
  <date>20111109</date>
  <subclass>사회</subclass>
</header>
<body>
  <p>‘겨울여자’ 배우 김추련 “외롭다” 한마디 남기고… 김해 자택서 목매 숨진채 발견</p>
  <p>강렬한 인상의 외모로 1970년대를 풍미했던 영화배우 김추련 씨(65)가 숨진 채 발견됐다. 8일 오전 11시 45분경 경남 김해시 내동 모 오피스텔에서 김 씨가 목을 매 숨져 있는 것을 같은 교회에 다니는 강모 씨(50)가 발견해 경찰에 신고했다.</p>
  <p>김 씨 방에서는 ‘외로움과 어려움을 견디기 힘들다. 팬들과 가족에게 미안하다’는 유서가 발견됐다. 강 씨는 경찰에서 “오전에 김 씨 편지를 받았는데 죽음을 의미하는 이상한 내용이 있어 오피스텔로 찾아가 보니 숨져 있었다”고 말했다. 경찰은 독신으로 살아온 김 씨가 고혈압과 당뇨 등 지병과 우울증에 시달려왔다는 지인들의 진술로 미뤄 자살로 보고 정확한 경위를 조사 중이다.</p>
  <p>한양대 연극영화과를 졸업한 김 씨는 1974년 데뷔작 ‘빵간에 산다’로 제11회 백상예술대상 신인상을 수상하며 주목받았다. 이후 ‘비녀’ ‘빗속의 연인들’ ‘난장이가 쏘아올린 작은 공’ 등 50여 편의 영화에 출연했다. 1977년 톱스타 장미희, 신성일과 출연했던 ‘겨울여자’가 흥행에 성공하면서 청춘스타로 떠올랐다.</p>
  <p>1980년대 중반부터 사업에 손대기 시작했으나 성공하지 못한 것으로 알려졌다. 2006년 ‘썬데이 서울’의 조연으로 다시 스크린에 얼굴을 비췄으며 9월 개봉한 박갑종 감독의 ‘은어’에선 주연을 맡았으나 이것이 그의 유작이 됐다.</p>
  <p>고인은 음악을 좋아해 2003년 첫 앨범 ‘영원한 사라’를 내놓았고 올해 4월엔 4집 ‘내 연인’을 발표했다.</p>
  <byline>허진석 기자 jameshuh@donga.com</byline>
</body>
