<header>
  <author>동아일보</author>
  <date>20111216</date>
  <subclass>경제</subclass>
</header>
<body>
  <p>삼성 제친 현대차그룹, 순익 1위? 쉿!</p>
  <p>《 올해 현대자동차그룹의 연간 순이익 규모가 삼성그룹을 추월할 것이 확실시된다. 재계 부동의 1위인 삼성그룹을 현대차그룹이 매출액 영업이익 순이익 등 어느 한 지표에서 앞선 것은 2000년 범현대가(家)에서 분리된 이후 처음이다. 하지만 내년에는 정보기술(IT) 업종 전망이 밝은 편이어서 삼성그룹과 현대차그룹의 순이익이 재역전될 것이라는 전망이 많다. 》</p>
  <p>○ 주력기업 성적표가 희비 갈랐다</p>
  <p>15일 금융투자업계와 금융정보업체 에프앤가이드에 따르면 현대차 계열 8개 상장사의 올해 추정 순이익은 18조473억 원으로 집계됐다. 매출액과 영업이익은 각각 198조9373억 원, 18조2551억 원으로 추산됐다.</p>
  <p>삼성그룹 12개 상장사의 매출액은 234조2582억 원, 영업이익은 20조227억 원으로 현대차그룹을 여전히 앞설 것으로 보인다. 하지만 순이익은 17조7534억 원에 그쳐 현대차그룹보다 3000억 원가량 적을 것으로 추정된다. 이번 집계에는 국제회계기준(IFRS) 연결재무제표 작성 대상 상장사 가운데 올해 연간 실적에 대한 증권사 추정치가 한 곳이라도 있는 12월 결산법인만 포함됐다. 삼성생명, 삼성증권, 삼성화재 등 금융계열사는 3월 결산법인이라 제외됐다.</p>
  <p>현대차그룹이 삼성그룹을 제치고 ‘순이익 재계 1위’의 타이틀을 획득한 것은 그룹 주력 기업의 성적표가 엇갈렸기 때문이다. 현대·기아차는 세계 시장에서의 자동차 판매 호조와 3월 동일본 대지진의 반사효과로 올해 눈부신 실적을 거뒀다. 오성진 현대증권 리서치센터장은 “현대차의 해외 판매가 두 자릿수 성장을 보였고 신차 출시로 브랜드 가치가 올라간 데다 환율 상승효과로 국제시장 지배력이 커졌다”고 평가했다. 반면 삼성그룹은 맏형인 삼성전자가 세계 휴대전화 시장에서 1위에 올랐지만 유럽 재정위기와 경기침체의 여파로 디스플레이 패널과 TV, 냉장고 등에서 부진을 면치 못했다.</p>
  <p>하지만 내년에는 IT 업종 전망이 밝아 다시 삼성그룹이 순이익 왕좌를 탈환할 것으로 보인다. 내년 삼성그룹의 순이익은 22조962억 원으로, 현대차그룹의 20조2272억 원보다는 많을 것으로 예측됐다. 한편 올해 순이익 규모 3위 그룹은 SK그룹(8개·11조5503억 원)이 될 것으로 예상됐고 포스코그룹(6개·4조1739억 원), 현대중공업그룹(2개·4조1113억 원)이 뒤를 이었다. 시가총액 기준으로 3위인 LG그룹은 LG디스플레이와 LG전자의 심각한 실적 부진으로 상장사(10개)의 순이익 합계가 6위로 내려앉을 것으로 전망된다.</p>
  <p>○ “금융 포함 땐 삼성이 여전히 1위” 10년 만에 1위 타이틀을 얻은 현대차의 표정은 그다지 밝지 못하다. 현대차 관계자는 “이번 조사와 별도로삼성그룹의 금융 계열사까지 포함한다면 여전히 삼성그룹이 순이익 1위”라며 “재계 순위 등은 크게 신경 쓰지 않고 있다”고 말했다. 정몽구 현대차그룹 회장 역시 별다른 내색을 하지 않은 것으로 알려졌다.</p>
  <p>이에 대해 현대차는 “국내에서 재계 순위 경쟁은 물론이고 세계 자동차 시장에서도 생산량 순위 경쟁을 하지 않는다는 것이 그룹 방침”이라며 “세계 시장에서 더 좋은 활동을 펼치는 데 그룹의 역량을 집중하겠다는 의미”라고 설명했다. 하지만 이런 반응의 속내를 들여다보면 ‘아무 실속도 없는 재계 1위는 피하고 싶다’는 의도도 있다.</p>
  <p>당장 재계 1위가 되면 그에 따른 유·무형의 압력에 시달릴 수 있기 때문이다. 한 재계 관계자는 “쉽게 말해 재계에 대한 정치권, 시민단체 등의 압박에서 ‘1번 타자’가 되기 싫다는 것”이라며 “전국경제인연합회 회장 자리를 둘러싼 그룹 총수들의 고사와 비슷한 맥락”이라고 촌평했다. 특히 내년도 경제 전망이 밝지 않은 탓에 일자리 창출, 사회공헌 등 대기업에 대한 요구가 더 심해질 것으로 예상되는 상황에서 굳이 재계의 대표로 나서고 싶지 않다는 뜻이다.</p>
  <byline>김재영 기자 redfoot@donga.com,한상준 기자 alwaysj@donga.com</byline>
</body>
