<header>
  <author>동아일보</author>
  <date>20110706</date>
  <subclass>경제</subclass>
</header>
<body>
  <p>분양 정보 / 서울 망우동 오피스텔 ‘EG솔리더’ 外</p>
  <p>■ 서울 망우동 오피스텔 ‘EG솔리더’</p>
  <p>수목부동산자산관리는 서울 중랑구 망우동 506-8에 도시형생활주택과 오피스텔 ‘EG솔리더’를 분양 중이다. 도시형생활주택은 전용면적 13.12∼17.41m² 103채, 오피스텔은 전용17.35∼18.03m² 27실로 구성됐다. 분양가는 공급면적 기준 3.3m²당 1400만 원 수준이다. 경춘선 망우역과 약 300m, 지하철 7호선 상봉역과 약 600m 떨어진 곳에 위치했다. 본보기집(모델하우스)은 현장에 있다. 02-432-9700</p>
  <p>■ 안양 옛 LS전선 터 아파트 조합원 모집</p>
  <p>경기 안양시 동안구 호계동 옛 LS전선 터에 조성되는 ‘안양 호계지역 주택조합 아파트’가 조합원을 모집 중이다. 조합원 353명을 모은 후 지상 18층 10개동에 전용면적 59∼84m², 전체 353채 규모의 아파트를 정해진 가격에 짓는 방식이다. 분양가는 공급면적 기준 3.3m²당 1100만 원 수준. 시공사는 아직 확정되지 않았다. 조합원 자격은 무주택자 또는 60m² 이하 규모의 주택을 1채 소유한 가구주로서 안양 지역에 6개월 이상 거주해야 한다. 입주는 2014년 2월 예정. 031-441-9074</p>
  <p>■ 경남 양산 ‘남양산 e편한세상’ 976채</p>
  <p>대림산업은 경남 양산시 물금읍 택지개발지구 14블록 일대에 ‘남양산 e편한세상’ 아파트를 분양한다. 지하 1층, 지상 16∼25층 14개동에 전용면적 59∼86m² 규모 976채로 구성됐다. 분양가는 3.3m²당 평균 675만 원 수준. 부산 지하철 2호선 남양산역 인근에 본보기집이 있다. 6일에는 특별공급, 7일부터는 일반 청약자를 대상으로 접수를 시작한다. 입주는 2013년 2월 예정. 055-383-1900</p>
  <p>■ 서울 마포 ‘신공덕 아이파크’ 71채</p>
  <p>현대산업개발은 서울 마포구 신공덕동 14 일대 신공덕6구역을 재개발해 짓는 ‘신공덕 아이파크’ 아파트를 분양한다. 지하 4층∼지상 18층 4개동 전체 195채로 구성됐으며 이 중 전용면적 59m² 34채, 84m² 24채, 114m² 13채 등 71채가 일반분양된다. 분양가는 3.3m²당 1700만 원대 후반. 지하철 5, 6호선 환승역인 공덕역과 약 300m 거리에 있다. 8일 서울 강남구 대치동 아이파크 갤러리에 본보기집이 문을 연다. 입주는 2013년 3월 예정. 02-3454-1270</p>
  <p>■ 용인 흥덕지구 ‘신동아 파밀리에’</p>
  <p>신동아건설은 경기 용인시 기흥구 영덕동 흥덕지구에 위치한 ‘용인 흥덕 신동아 파밀리에’ 아파트를 선착순 분양한다. 2009년 11월 입주를 시작했으며 전용면적 114∼148m² 규모, 759채다. 분양가는 3.3m²당 1148만∼1236만 원대로 계약 즉시 입주가 가능하다. 용인∼서울 간 고속도로 흥덕 나들목이 단지 인근에 있으며 경부고속도로 수원 나들목은 약 1.5km 떨어져 있다.</p>
</body>
