<header>
  <author>동아일보</author>
  <date>20111205</date>
  <subclass>경제</subclass>
</header>
<body>
  <p>카드업계, 이번엔 ‘체크카드’ 딜레마</p>
  <p>신용카드 가맹점 수수료율 인하로 수익에 ‘빨간불’이 켜진 카드업계가 이번에는 체크카드 사용 활성화 문제를 놓고 금융당국의 눈치를 봐야 할 상황에 처했다. 금융당국이 가계부채 대책의 일환으로 신용카드 대신 체크카드 활성화에 열을 올리고 있는 데다 우체국과 새마을금고 등 숨은 경쟁자들도 내년부터 자체 체크카드 발급에 나서기로 해 체크카드 시장 확대 여부에 시장의 관심이 쏠리고 있다. 하지만 카드업계는 금융서비스 기능이 없어 이익창출에 큰 기여를 하지 못하는 체크카드의 시장 확대가 반갑지 않다.</p>
  <p>○ 체크카드 경쟁 격화되나</p>
  <p>4일 새마을금고중앙회에 따르면 새마을금고는 내년 상반기 체크카드 시장 진입을 목표로 현재 준비작업을 진행하고 있다. 고객이 약 1600만 명에 이르는 새마을금고의 잠재력을 감안하면 단번에 체크카드 상위 발행사로 도약할 수 있다. 새마을금고 관계자는 “당장 경제적 이익보다 우리 고객에게 맞는 상품을 개발해 편의성과 충성도를 높이겠다”고 설명했다. 우체국은 이미 올해 초 체크카드 사업 진출을 선언했으며 현재 직원들을 대상으로 시범 발급에 들어갔다.</p>
  <p>연간 체크카드 이용실적은 2007년 18조8000억 원에서 지난해 51조5000억 원으로 3배 가까이로 늘었다. 신용카드를 포함한 전체 신용판매 금액에서 차지하는 비중도 2007년 5.9%에서 2010년 12.5%로 높아졌다. 소비자들이 신용카드 사용을 줄이고 통장 잔액 내에서만 쓸 수 있는 체크카드를 쓰면 빚 부담이 줄어든다. 또 체크카드는 가맹점 수수료가 1.0∼1.7%로 신용카드 가맹점 수수료(1.5∼4.5%)보다 낮아 가맹점에도 유리하다. 금융위원회는 체크카드를 통해 가계부채 부담을 덜고, 가맹점 수수료율 논란도 잠재우겠다는 포석이다. 금융당국으로서는 새마을금고의 체크카드 시장 진입이 반가운 일이 아닐 수 없다.</p>
  <p>○ 카드사와 소비자는 시큰둥</p>
  <p>금융당국의 강력한 의지에도 불구하고 카드사와 소비자들의 반응은 시큰둥하다. 먼저 카드업계는 금융서비스 기능이 없고 가맹점 수수료도 낮은 체크카드 발급에 소극적이다. 카드사들은 신용판매보다 카드론과 현금서비스에서 이익의 상당 부분을 얻고 있다. 특히 전업계 카드사들은 0.5%가량의 계좌 이용수수료를 은행에 내야 해 불만도 크다. 따라서 체크카드 시장이 은행계 카드사만 참여하는 반쪽짜리 시장이 될 염려도 없지 않다.</p>
  <p>최근 현대·기아차 같은 대형 가맹점들이 금융비융이 적게 드니 체크카드 수수료율을 더 낮추라고 압박하는 것도 카드사들을 괴롭히고 있다. 궁지에 몰린 카드사들은 수익이 별로 나지 않는 체크카드 혜택을 줄이는 방법을 택하고 있다. 실제로 올해 3월 체크카드 수수료율이 최대 1%포인트 낮아지자 카드사들은 앞 다퉈 체크카드 부가서비스를 폐지했다.</p>
  <p>소비자에게도 신용카드에 비해 포인트나 적립 등 혜택이 적고 고액 결제 때 할부기능이 없는 체크카드를 굳이 발급받아야 할 이유가 별로 없다. 현재 체크카드에 대한 소득공제 혜택도 총급여의 25% 이상 초과분의 25%로 신용카드(초과분의 20%)와 별 차이가 없어 소비자들의 관심을 돌리기엔 역부족이다. 이만우 고려대 경영학과 교수는 “한국은 외국에 비해 비정상적으로 신용카드가 많이 보급된 상태”라며 “이런 시장구조를 바꾸려면 신용카드와 체크카드의 혜택을 동일하게 하는 것과 같은 획기적 방안이 필요하다”고 말했다.</p>
  <byline>김철중 기자 tnf@donga.com</byline>
</body>
