<header>
  <author>동아일보</author>
  <date>20111219</date>
  <subclass>사회</subclass>
</header>
<body>
  <p>靑-조현오 경찰청장, ‘디도스 돈거래’ 은폐 논란에 “그런일 없다”</p>
  <p>경찰이 중앙선거관리위원회 홈페이지 디도스(DDoS·분산서비스 거부) 공격 사건을 수사하는 과정에서 청와대의 압력을 받고 일부 사실을 은폐했다는 의혹이 제기돼 논란이 일고 있다.</p>
  <p>18일 일부 언론은 “청와대 김효재 정무수석이 7일과 8일 두 차례 조현오 경찰청장에게 전화했다”고 보도했다. 앞서 17일에는 한 시사주간지가 “청와대 고위 관계자가 조 청장에게 전화해 청와대 행정관의 술자리 참석과 사건 관련자 간의 돈거래 사실을 공개하지 않도록 압력을 행사했다”고 보도했다.</p>
  <p>이 보도에 따르면 경찰은 6일 오후 관련자들 사이에서 1000만 원의 돈거래가 있었던 사실을 파악한 뒤 7일 오전 김 수석에게 보고했고, 7일 오후에는 청와대 행정관이 사건 연루자들과 술자리를 함께한 사실을 파악해 청와대에 보고했다는 것. 김 수석이 전화를 건 시점이 보고 직후여서 청와대가 경찰 수사에 영향력을 행사했을 가능성이 높아 보인다는 설명이다.</p>
  <p>이에 대해 조 청장은 통화 사실은 인정하면서도 외압 의혹은 부인했다. 조 청장은 “청와대와 2번 통화했지만 외압은 전혀 없다”며 “첫 번째 통화에서는 박모 행정관이 저녁 자리에 참석했는지 사실 관계를 물어 확인해줬고 두 번째 통화에서는 돈거래에 관해 사실 확인을 물어 수사팀에 확인해 ‘단순한 개인 간 거래로 보인다’고 말해줬다”고 해명했다. 청와대도 17일 해명자료를 내 “디도스 공격 사건과 관련해 어떠한 영향력을 행사한 바가 없다”며 “해당 언론사에 대해서는 적절히 대응할 것”이라고 밝혔다.</p>
  <p>한편 서울중앙지검 첨단범죄수사2부(부장 김봉석)는 재·보선 전날 저녁 박희태 국회의장 전 비서 김모 씨와 식사를 함께한 청와대 행정관 박모 씨를 이번 주 중 소환해 조사하기로 했다고 18일 밝혔다.</p>
  <byline>유성열 기자 ryu@donga.com</byline>
</body>
