<header>
  <author>동아일보</author>
  <date>20110914</date>
  <subclass>과학</subclass>
</header>
<body>
  <p>디지털 단신 / 갤럭시탭, 호텔 식당 메뉴판으로 外</p>
  <p>■ 갤럭시탭, 호텔 식당 메뉴판으로</p>
  <p>삼성전자는 서울 중구 장충동 서울신라호텔과 강남구 삼성동 그랜드 인터컨티넨탈 서울 파르나스호텔에 갤럭시탭 10.1 호텔 서비스 솔루션을 공급했다고 13일 밝혔다. 이는 갤럭시탭 10.1의 화면을 통해 호텔에서 진행하는 이벤트를 안내받거나 구입 가능한 와인 리스트와 식당 메뉴를 고를 수 있는 서비스다. 신라호텔은 와인숍에서 와인 리스트를 갤럭시탭으로 제공하고 있고 파르나스호텔에서는 식당에서 종이 메뉴를 없애고 갤럭시탭을 사용한다.</p>
  <p>■ 위험 사이트 차단 서비스때 일정액 기부</p>
  <p>안철수연구소는 개인용 위험 사이트 접속 차단 서비스인 ‘사이트가드’와 기부 시스템을 연계한 ‘소셜 사이트가드’라는 서비스를 열었다고 13일 밝혔다. 이는 개인 사용자가 정보보안을 위해 위험 사이트 차단 서비스를 사용할 경우 이와 동시에 원하는 단체에 일정액을 기부할 수 있는 새로운 형태의 서비스다. 사이트가드 서비스를 이용해 현재 접속하고 있는 웹사이트의 안정성을 실시간으로 확인하면서 웹브라우저 아래쪽에 등장하는 광고와 안철수연구소의 상품정보를 보면 자동으로 광고료의 일부가 적립돼 지정한 단체에 기부하는 방식이다.</p>
  <p>■ 음악 포털 엠넷닷컴, SNS연계 서비스</p>
  <p>CJ E&amp;M은 최근 음악 포털사이트 엠넷닷컴(www.mnet.com)을 개편했다고 13일 밝혔다. 개편 내용은 페이스북과 트위터를 이용해 듣고 있는 음악을 친구들에게 소개하고 뮤직비디오를 공유하는 것으로 이달 초 개편 이후 음악서비스 이용량은 40%, 뮤직비디오 이용은 80% 늘었다는 게 회사 측의 설명이다. 회사 측은 이달 말 스마트폰에서 이용하는 모바일 엠넷닷컴 서비스도 페이스북과 트위터를 이용한 형태로 개편할 계획이며 유명 가수들의 블로그와 페이스북, 트위터 계정도 엠넷닷컴에 연결할 예정이다.</p>
</body>
