<header>
  <author>동아일보</author>
  <date>20110317</date>
  <subclass>경제</subclass>
</header>
<body>
  <p>주가뛰어 개인 금융자산 2000조 돌파</p>
  <p>국내 총 금융자산도 1경 넘어</p>
  <p>지난해 주가 상승 등으로 개인의 금융자산이 큰 폭으로 늘어나면서 처음으로 2000조 원을 돌파했다. 개인의 재무건전성 역시 금융자산 급증에 힘입어 5년 만에 최고치를 기록했다.</p>
  <p>한국은행이 16일 발표한 ‘2010년 중 자금순환동향(잠정)’에 따르면 예금, 보험, 증권과 채권 등을 더한 개인의 금융자산은 지난해 말 현재 2176조4000억 원으로 전년 말보다 222조 원 증가했다. 연말 기준 개인 금융자산이 2000조 원을 넘어선 것은 2002년 집계 기준 변경 이후 처음이다. 개인 금융자산은 2007년 1716조7000억 원에서 2008년 세계적 금융위기 여파로 28조5000억 원이 줄었지만 2009년에는 266조2000억 원이 급증했고 지난해에도 200조 원대 증가세를 유지했다.</p>
  <p>개인 금융부채는 937조3000억 원으로 76조3000억 원 늘었다. 그러나 금융부채 증가액이 금융자산 증가액의 3분의 1 수준에 불과해 재무건전성을 보여 주는 금융부채 대비 금융자산 비율은 2.32배로 전년의 2.27배보다 개선됐다. 이는 2005년의 2.33배 이후 최고 수준이다.</p>
  <p>개인과 기업, 금융회사, 정부의 금융자산을 포함한 국내 총 금융자산은 지난해 현재 1경297조7000억 원으로 전년 말보다 807조6000억 원(8.5%) 늘었다. 한은 관계자는 “지난해 주가 오름세 여파로 개인의 금융자산이 많이 늘었다”며 “또 금리 상승에 따라 저축성예금 증가액이 대출금 증가액을 웃돌았다”고 설명했다.</p>
  <byline>장윤정 기자 yunjung@donga.com</byline>
</body>
