<header>
  <author>동아일보</author>
  <date>20110519</date>
  <subclass>스포츠</subclass>
</header>
<body>
  <p>최경주에 관심 집중… 1대143 대결 분위기 ‘탱크 키즈’도 거센 도전</p>
  <p>SK텔레콤오픈은 '탱크오픈'</p>
  <p>19일 서귀포 핀크스GC(파72)에서 개막하는 원아시아골프투어 SK텔레콤오픈은 ‘탱크 오픈’이란 얘기가 나온다. 출전 선수는 144명이지만 관심은 온통 플레이어스 챔피언십 우승 직후 귀국해 참가한 최경주(41·SK텔레콤)에게 쏠리기 때문이다. 선수 숙소인 제주 롯데호텔부터 골프장에 이르는 10km 도로를 비롯해 시내 곳곳에는 최경주의 대형 사진이 담긴 플래카드가 500개 가까이 내걸렸다. 최경주는 “우승한 다음 못할 수도 있는 게 골프인데 솔직히 부담된다. 내 잡(job)인 만큼 잘하고 싶다”고 말했다.</p>
  <p>1 대 143의 싸움이 된 분위기 속에서 최경주는 자신과 각별한 인연이 있는 ‘탱크 키드’ 후배들의 거센 도전을 받게 됐다. 지난해 챔피언 배상문과 상금왕 김대현은 2009년 말 최경주의 댈러스 집을 방문해 함께 훈련했다. 대회 2연패를 노리는 배상문은 “감이 정말 좋다. 지난해 최 프로님과 나흘 내내 같은 조로 쳐 우승까지 한 좋은 기억을 되살리겠다”고 다짐했다. 최경주는 배상문, 올해 미국프로골프(PGA)투어에 데뷔한 김비오와 1라운드에서 같은 조가 됐다.</p>
  <p>최고 장타자인 김대현은 “최 프로님과 5시간 동안 벙커 안에만 있었던 적이 있다. 그 후로 복습을 자주 해 벙커샷이 아주 좋아졌다”며 “파 5홀에서 모두 투온이 가능해 공격적으로 치겠다”고 각오를 밝혔다.</p>
  <p>올해 국내 대회에 처음 출전한 김비오 역시 “신인은 성적에 대한 조바심이 많기 마련인데 마음을 편하게 먹으라고 자주 조언해줬다”고 최경주에 대한 고마움을 표시했다.</p>
  <p>올해 매경오픈 챔피언 김경태는 “최 프로님의 우승 장면을 봤는데 장타자에게 유리한 코스에서 참 대단했다”며 “요즘 아이언 샷의 감각이 살아났기 때문에 멋진 승부를 하고 싶다”고 말했다.</p>
  <byline>서귀포=김종석 기자 kjs0123@donga.com</byline>
</body>
