<header>
  <author>동아일보</author>
  <date>20110510</date>
  <subclass>정치</subclass>
</header>
<body>
  <p>정치권 ‘총선 공포’ / 행보 엇갈리는 ‘두 李’</p>
  <p>■두문불출 이재오 “배신 한번 당하면 족해… 희생양도 한번이면 돼”</p>
  <p>“배신당하는 것은 한 번으로 족하다.” “희생양도 한 번이지, 희생양이 직업은 아니지 않으냐.”</p>
  <p>이재오 특임장관(사진)은 최근 원내대표 경선 이후 사석에서 주류였던 의원들이 비주류 원내대표를 선택하며 각자도생하는 데 대해 격정을 토로한 것으로 전해졌다.</p>
  <p>이 장관은 9일 서울 종로구 세종로 정부중앙청사 장관실에 출근하지 않고 지역구에 머물렀다. 평소 지하철을 타고 청사에 도착해 아침 운동을 한 뒤 집무실에 출근했지만 이날은 아침 운동만 한 뒤 지역구로 돌아갔다.</p>
  <p>이 장관은 본인의 거취와 한나라당의 쇄신 바람에 대한 대응책을 고민하는 것으로 알려졌다. 일단 해외 순방 중인 이명박 대통령이 귀국하는 15일까지는 외부 일정을 자제할 것으로 보인다. 그러나 이후에는 원내대표 선거에서 60여 명의 표를 확인한 만큼 세 결집에 나설 가능성이 높다. 장관직 사의를 표명하고 당으로 복귀할 가능성도 배제할 수 없다.</p>
  <p>동정민 기자 ditto@donga.com</p>
  <p>■남미에 간 이상득 “MB, 중도실용 노선으로 포용하는 정치 해갈 것”</p>
  <p>대통령 특사 자격으로 남미 방문에 나선 한나라당 이상득 의원(사진)은 8일(현지 시간) “이명박 대통령이 앞으로 중도실용 노선으로 포용하는 정치를 해갈 것으로 본다”고 말했다.</p>
  <p>이 의원은 이날 경유지인 미국 로스앤젤레스의 한 호텔에서 열린 교민 간담회에서 한 참석자가 “국내 정치적 안정이 중요하다”고 하자 사견임을 전제로 “국민이 화합, 국익 위주로 컨센서스를 맞추는 게 중요하다”며 이같이 말했다.</p>
  <p>이 의원은 또 “나는 2009년 8월부터 정치를 하지 않겠다고 선언한 뒤 자원외교에만 치중했다”며 “남미와 아프리카, 중동 등 17개국을 11차례 방문해 17명의 대통령을 만났다”고도 강조했다.</p>
  <p>그는 간담회를 열게 된 데 대해 “로스앤젤레스는 자원외교를 위해 10여 차례 경유했으나 한 번도 교민들을 만나지 못했다”며 “외국에서 열심히 생활하며 모국에 기여하는 여러분에게 감사하다는 이야기를 하기 위해 이 자리를 마련했다”고 설명했다.</p>
</body>
