<header>
  <author>동아일보</author>
  <date>20110829</date>
  <subclass>지역</subclass>
</header>
<body>
  <p>[수도권]파주시 “이화여대, 캠퍼스 계속 추진을”</p>
  <p>“내달 1일 신촌서 촉구대회”</p>
  <p>이화여대 파주캠퍼스 무산에 따른 ‘후폭풍’이 거세다. 경기 파주시는 2학기 개강일인 다음 달 1일 오전 서울 서대문구 신촌동 경의선 신촌역 광장에서 ‘이화여대 파주캠퍼스 조성 포기 철회 및 사업 추진 촉구 규탄대회’를 연다고 28일 밝혔다. 이번 집회에는 파주캠퍼스 예정지인 월롱면 영태리 주민 등 1000여 명이 참가한다. 이들은 신촌역 일대에서 거리행진과 집회를 연 뒤 캠퍼스 조성사업 백지화 철회 및 사업 재개를 이화여대 측에 촉구할 예정이다. 또 파주지역 41개 시민사회단체로 이뤄진 ‘이대 파주캠퍼스 포기 범시민대책위원회’는 26일부터 10만 서명운동을 시작했다.</p>
  <p>파주시의 대응도 빨라지고 있다. 이인재 파주시장은 이화여대 총학생회장에게 30일 오후 파주캠퍼스 사업 포기 관련 공개토론을 열자고 제안했다. 파주시는 고문변호인단 검토 결과 이화여대 측에 손해에 대한 책임을 물을 수 있다는 판단에 따라 변호사를 선임해 소송에 착수하기로 했다. 또 이화여대가 사업 포기를 결정하는 과정에서 이사회 개최 등 정식 절차를 밟았는지를 확인하기 위해 교육과학기술부에 감사를 요청하기로 했다.</p>
  <p>파주캠퍼스 예정지 주민들도 구체적인 피해 규모 파악에 착수했다. 영태리 주민들로 이뤄진 이대 유치 시민추진위원회에 따르면 직접적인 피해를 본 토지주는 어림잡아 50명을 넘고 금액은 60억∼70억 원에 이를 것으로 보고 있다. 이들은 대부분 땅값 상승분을 반영해 대출을 받은 것으로 전해졌다. 또 장차 숙박업 등을 위해 예정지 근처 주택을 계약한 지역 주민들도 상당수에 이르는 것으로 알려졌다. 주민들은 소송 참여자를 모으는 한편 소송비용도 모금 중이다. 또 감사원에 주민감사도 청구할 방침이다.</p>
  <byline>이성호 기자 starsky@donga.com</byline>
</body>
