<header>
  <author>동아일보</author>
  <date>20110528</date>
  <subclass>정치</subclass>
</header>
<body>
  <p>“당권-대권 분리, 합의 안되면 표결 갈수도”</p>
  <p>한나라 비대위 경선룰 격론… 친박-비친박 이견만 확인</p>
  <p>한나라당 비상대책위원회는 27일 7·4전당대회 경선 ‘룰’ 문제를 놓고 이틀째 회의를 열었지만 밤늦게까지 결론을 내리지 못한 채 격론만 벌였다.</p>
  <p>정의화 비대위원장은 이날 회의에서 “오늘은 당원과 국민에게 하나가 되고 상호 의견을 존중하면서 결론에 도달하는 성숙한 모습을 보여주자”고 강조했다. 그러나 본격적으로 논의가 시작되자 △당권-대권 분리 완화 △대표최고위원과 일반 최고위원의 분리 선출 문제를 놓고 찬반 주장이 팽팽했다.</p>
  <p>친박(친박근혜)계 의원들은 박 전 대표가 황우여 원내대표와 만나 제시한 ‘가이드라인’을 벗어나지 않는 주장을 되풀이했지만 중립 성향 또는 김문수 경기도지사나 이재오 특임장관과 가까운 의원들은 이에 반대해 공방이 벌어졌다. 비(非)친박계 의원들은 당직 사퇴 시한을 1년∼6개월까지로 줄이는 방안 등 다양한 대안을 쏟아냈다.</p>
  <p>비대위원들은 합의점을 찾지 못할 경우 결론을 어떻게 도출할 것인가를 놓고도 치열하게 논쟁했다. 전대 일정이 있는 만큼 표결을 해서라도 결론을 내리자는 주장에 대해 “게임의 룰을 정하는 데 다수 의사를 관철하기 위해 표결한 전례는 없다”는 반박이 나왔다.</p>
  <p>한편 정몽준 전 대표는 이날 한 방송에 출연해 “선출직 최고위원 7명이 열심히 일했는데도 내년 (대선후보) 경선에 못나가게 하는 조항은 과도한 제한이다. 한나라당이 변화와 쇄신을 하려면 중심세력이 있어야 한다”며 당권-대권 통합을 주장했다. 그는 “박 전 대표가 한마디했는데, 한나라당이 그 말대로 따라간다면 그게 바람직한지 고민해야 한다”고도 했다.</p>
  <p>반면 박 전 대표의 대변인격인 이정현 의원은 당 홈페이지에 올린 글에서 “개인의 정치적 욕심 때문에 국가와 국민, 당과 당원을 결딴내려 해서는 안 된다”고 밝혔다. 그는 당권-대권 통합을 주장하는 정 전 대표와 김 지사를 겨냥해 “만들 때는 국민과 당원 뜻을 물어 만들고 고칠 때는 사욕에 찬 몇 사람 맘대로 고치는 것이 쇄신이냐”고 힐난했다.</p>
  <byline>최우열 기자 dnsp@donga.com</byline>
</body>
