<header>
  <author>동아일보</author>
  <date>20111128</date>
  <subclass>정치</subclass>
</header>
<body>
  <p>민주 ‘12월 통합의결-1월 全大’ 합의</p>
  <p>손학규-박지원 어젯밤 회동</p>
  <p>야권 통합 방식을 놓고 격돌해온 민주당 내 신당파와 구당파 간의 ‘한랭전선’에 기류 변화가 나타나고 있다. 민주당은 25일 긴급 의총을 열고 손학규 대표의 ‘12월 17일 원샷 통합전대’, 박지원 의원의 ‘선(先)독자전대, 후(後)통합 추진’, 그리고 신기남 상임고문의 절충안(12월 17일 합당 의결, 내년 1월 새 지도부 선출)에 대한 의견을 수렴했으나 결론을 내리지 못했다. 그러나 신 고문이 제안한 절충안이 주말을 거치며 공감대를 얻어가고 있는 분위기다.</p>
  <p>박 의원은 27일 동아일보와의 통화에서 “아직 신 고문의 중재안에 대해 긍정적이라고 볼 수는 없지만 주변 이야기를 더 들어보겠다”고 말했다. 자신의 태도가 조금 바뀔 수도 있음을 내비친 것이다. 이와 관련해 손 대표와 박 의원은 27일 저녁 서울 시내 모처에서 손 대표의 제안으로 긴급 회동을 하고 야권 통합 방식에 대해 ‘선통합-후경선’으로 합의한 것으로 알려졌다.</p>
  <p>신 고문은 이날 ‘당원 동지들과 박지원 의원께 드리는 글’이라는 보도 자료를 내고 “민주당 단독 전대 주장을 거둬들이고 대다수 의원의 공감대가 모인 ‘선통합-후경선’ 방안에 합의를 이루자”며 박 의원을 거듭 압박했다. 하지만 구당파 일각에선 여전히 절충안의 문제점을 거론하고 있어 논란의 불씨는 남아 있다. 박주선 최고위원은 “통합의 방향과 원칙을 위임받은 수임기구가 만들어져 통합을 추진해야 당헌 당규에 맞는다”며 “(신 고문의) 중재안이 (그전에 비해 양측 주장에) 근접된 것이지만 중재안에 따르더라도 수임기구는 통합의 부속기관 역할밖에 못하기 때문에 (당헌당규상) 문제가 있다”고 지적했다.</p>
  <byline>이승헌 기자 ddr@donga.com</byline>
</body>
