<header>
  <author>동아일보</author>
  <date>20110820</date>
  <subclass>경제</subclass>
</header>
<body>
  <p>아이스크림­과자값, 작년 6월수준 동결</p>
  <p>식품업계가 과자, 빙과, 라면, 아이스크림 등 4개 품목의 권장소비자가격을 지난해 6월 수준으로 동결하고 있다. 지식경제부가 지난달 식품업계 대표들에게 “정부의 물가안정 노력을 감안해 작년 6월 수준으로 권장소비자가격을 정해 달라”고 요청한 데 따른 것이다.</p>
  <p>롯데제과와 오리온은 주요 제품의 가격을 지난해 6월 수준으로 표기하기로 결정했다고 19일 밝혔다. 농심, 빙그레 등 다른 업체들도 아직 결정을 내리지는 못했지만 정부 방침을 따를 것으로 보인다.</p>
  <p>롯데제과는 과자 12종, 빙과·아이스크림 9종의 가격을 지난해 6월 수준에 맞춰 표기하기로 했다. 이에 따라 월드콘바닐라는 1500원, 설레임은 1600원, 스크류바 죠스바 수박바는 각각 1000원으로 정했다. 또 과자인 제크(이하 소용량 기준)는 1000원, 썬칩과 오잉, 순수양파는 각각 1200원이다. 롯데제과는 누크바 빙빙바 토네이도 등 빙과 3종은 지난해 6월보다 오히려 100원 내린 900원으로 권장소비자가격을 결정했다. 오리온도 과자 14종과 껌·사탕류 7종의 가격을 지난해 6월 수준으로 정했다. 초코파이(1상자)는 3200원, 고래밥 핫브레이크 웨하스는 각각 700원이다. 이 밖에 오뜨(1상자)는 5000원, 자일리톨껌은 4500원, 아이셔캔디는 500원이다.</p>
  <p>이에 앞서 농심은 과자에 대해 지난해 6월보다 100원 높은 가격으로 표기하겠다고 밝혔지만 최종 결정을 보류하고 재검토에 들어갔다. 농심 측은 “올해 5월 과자 가격을 올렸는데 지난해 6월 수준으로 표기하려면 다시 가격을 내려야 하는 상황이어서 논의하고 있다”고 말했다. 농심은 신라면(730원)과 안성탕면(650원)은 1일부터 지난해 6월 가격으로 표기하고 있다. 3일부터는 신라면BLACK(블랙)의 권장소비자가격을 1600원에서 1450원으로 내렸다.</p>
  <p>빙그레 등 다른 업체들도 권장소비자가격에 대해 논의 중이며 정부의 방침을 따를 가능성이 높은 것으로 알려졌다.</p>
  <byline>손효림 기자 aryssong@donga.com</byline>
</body>
