<header>
  <author>동아일보</author>
  <date>20110601</date>
  <subclass>경제</subclass>
</header>
<body>
  <p>분양 정보 / 고양시 주상복합 ‘더퍼스트 프라임’ 外</p>
  <p>■ 고양시 주상복합 ‘더퍼스트 프라임’</p>
  <p>프라임종합건설이 경기 고양시 관산동에서 ‘더퍼스트 프라임’ 주상복합아파트를 분양 중이다. 지하 4층, 지상 20층 2개동에 전용면적 59∼114m² 272채가 공급된다. 지하철 3호선 삼송역과 원흥역(2013년 개통 예정)이 차량으로 5분 거리에 있다. 3.3m²당 분양가는 700만 원대부터이며 입주예정일은 2013년 6월. 본보기집은 지하철 3호선 연신내역 인근에 있다. 02-382-5566</p>
  <p>■ 서울 강서구청 앞 ‘동도센트리움’</p>
  <p>동도건설이 서울 강서구 강서구청 사거리 인근에서 원룸형 오피스텔과 도시형 생활주택으로 구성된 ‘강서 동도센트리움’을 분양하고 있다. 지하 5층, 지상 20층 1개동에 총 412실이 들어선다. 계약면적은 도시형 생활주택이 23m² 138채, 오피스텔 37∼40m² 274실로 구성된다. 3.3m²당 분양가는 700만 원대. 지하철 9호선 가양역이 도보로 10분 거리. 본보기집은 강서구청 사거리 공항대로변에 있다. 02-2658-3900</p>
  <p>■ 남양주 가운지구 ‘수미소’ 근린상가</p>
  <p>SH종합개발㈜은 경기 남양주시 가운택지지구 내 ‘수미소’ 근린상가를 선임대 후 분양한다. 지하 3층, 지상 8층 규모로 3.3m²당 분양가는 500만∼2500만 원대. 1만5000채 규모의 배후 주거지가 있으며 편의점 약국 오피스 학원 같은 업종의 영업이 가능하다. 분양가의 15%를 할인해주고 연 8∼9%대의 수익률을 기대할 수 있다고 업체 측은 설명. 031-554-5516</p>
  <p>■ 서울 미아동 원룸 ‘대원아트빌’</p>
  <p>서울 강북구 미아동에 위치한 원룸 ‘대원아트빌’ 42실이 27억5000만 원에 한꺼번에 분양된다. 대지면적 312m², 총면적 802m²로 지하 1층, 지상 4층 규모의 건물로 가구별 전용면적은 약 17m². 드럼세탁기 전자레인지 냉장고 에어컨 TV 같은 주요 가전이 풀옵션으로 제공되며 개별난방 시스템이 적용됐다. 성신여대 2캠퍼스, 덕성여대가 가깝다. 지하철 4호선 미아역에서 도보로 7분 거리다. 02-987-0730</p>
  <p>■ 용인 광교신도시 ‘ST타워 오피스텔’</p>
  <p>경기 용인시 수지구 광교신도시의 ‘ST타워 오피스텔’ 250실 중 52실이 선분양된다. 9층 규모 2개동 중 이번 분양 물량은 전용면적 57∼110m²로 6∼9층에 위치할 예정. 2016년 2월 개통 예정인 신분당선 신대역 출구 바로 앞에 있으며 3.3m²당 분양가는 770만∼790만 원대. 본보기집은 경기 용인시 수지구 상현동에 있다.</p>
</body>
