<header>
  <author>동아일보</author>
  <date>20111028</date>
  <subclass>정치</subclass>
</header>
<body>
  <p>[‘10·26 선택’ 그 후]與일각 “서울시장 패배는 오세훈 탓”</p>
  <p>吳측근 “죄송할뿐… 더 할 얘기 없어”</p>
  <p>10·26 서울시장 보궐선거 패배로 9년 동안 한나라당이 차지했던 서울시장 자리가 야권으로 넘어가자 여권과 보수층에선 ‘원인’을 제공한 오세훈 전 시장(사진)을 원망하는 목소리가 다시 나온다. 서울지역 한 의원은 27일 동아일보와의 통화에서 “한나라당 소속 시장의 사퇴로 생긴 보선에서 또 한나라당 후보를 지원해 달라고 하려니 시민들에게 면목이 없더라”고 말했다.</p>
  <p>오 전 시장은 26일 아침 일찍 서울 광진구 자택 근처의 투표소에 나와 ‘한 표’를 찍었지만 언론과의 접촉은 일절 끊었다. 오 전 시장의 한 측근은 “(오 전 시장이 주변에) ‘주민투표도 이번 선거도 모두 실패해 죄송한 마음뿐이다. 더 드릴 말씀도 없다. 이런 상황에서 내 얘기를 하는 건 도리가 아니다’고만 했다”고 전했다. 당분간 자신의 존재와 의견을 드러내지 않겠다는 것이다.</p>
  <p>다른 측근은 “오 전 시장인들 상황이 이렇게까지 될 줄 알았겠느냐. 민주당과 일대일로 선거를 치르면 (한나라당이) 이길 수 있을 것으로 봤다. 안철수 서울대 융합과학기술대학원장과 박원순 시장이 갑자기 등장하리라곤 생각하지 못했다”고 쓴 입맛을 다셨다. 그는 “우리도 (오 전 시장의 사퇴를) 끝까지 말리지 못한 게 후회된다”고 말했다.</p>
  <byline>김기현 기자 kimkihy@donga.com</byline>
</body>
