<header>
  <author>동아일보</author>
  <date>20110303</date>
  <subclass>사회</subclass>
</header>
<body>
  <p>전교조 ‘학생인권조례 서명’ 믿을건 혁신학교뿐?</p>
  <p>실적 저조하자 동원 계획</p>
  <p>서울지부, 이달 3만여명 전망</p>
  <p>전국교직원노동조합 서울지부가 학생인권조례 제정 주민발의 서명운동에 혁신학교를 동원할 계획인 것으로 알려졌다.</p>
  <p>전교조 서울지부 등 진보성향 33개 단체가 만든 ‘학생인권조례제정운동 서울본부’(서울운동본부)는 최근 주민발의 형태로 학생인권조례를 제정하기 위한 서명운동을 재개하기로 결의하고 이달 중 3만5000명분의 서명을 먼저 받겠다는 계획을 세웠다. 이 중 혁신학교를 통해서 6000명의 서명을 받기로 했다. 전교조 소식통은 “혁신학교 12곳(초교 2곳, 중학교 8곳, 고교 2곳)에서 500명씩 서명을 받는다는 구상”이라고 전했다.</p>
  <p>또 최초 서명운동에 결의했던 조합원(1000명)이 학부모를 상대로 25명씩 모두 2만5000명을, 거리 서명으로 4000명의 서명을 받을 계획이다.</p>
  <p>서울지부는 지난해 7월 26일부터 학생인권조례 제정을 위한 서명운동을 벌여왔으나 지난해 말까지 약 5000명분밖에 받지 못해 사실상 실패에 그칠 것으로 점쳐졌다. 서명운동을 시작한 지 10개월 내(4월 26일까지)에 서울시 유권자 1%(약 8만2000명)의 서명을 확보해야 하기 때문이다.</p>
  <p>서울지부가 혁신학교를 통한 서명을 계획한 이유는 이들 학교에 전교조 조합원이 많기 때문으로 분석된다. 최근 신설된 혁신학교 5곳은 전교조 교사 비율이 68∼84%에 이르는 것으로 알려져 논란이 되기도 했다. 서울 전체 초중고교의 전교조 교사 평균 비율은 7.9%다. 한 전교조 소식통은 “혁신학교는 전교조 마인드가 강한 조합원이 많은 만큼 그들을 통해 서명운동에 박차를 가하려는 것 같다”고 말했다.</p>
  <byline>최예나 기자 yena@donga.com</byline>
</body>
