<header>
  <author>동아일보</author>
  <date>20111202</date>
  <subclass>사회</subclass>
</header>
<body>
  <p>미소금융 간부 억대 뒷돈 수수 포착… 35억 대출 ‘복지 사업자’는 수억 횡령</p>
  <p>檢, 미소금융재단 압수수색</p>
  <p>신용등급이 낮은 서민을 지원하기 위한 미소금융 사업자 선정 과정에서 미소금융중앙재단 간부가 뒷돈을 받았다는 의혹이 제기돼 검찰이 해당 재단을 압수수색했다. 검찰은 복지사업자로 선정된 단체가 사업 지원금 수억 원을 횡령했다는 의혹에 대해서도 수사를 벌이고 있다.</p>
  <p>서울중앙지검 금융조세조사2부(부장 김주원)는 1일 서울 종로구 청진동 미소금융중앙재단 사무실에 수사관들을 보내 계약 서류와 컴퓨터 하드디스크 등을 확보했다.</p>
  <p>미소금융 복지사업자로 선정된 뉴라이트 계열 단체 대표 김모 씨는 지난해 1월 미소금융중앙재단으로부터 서민 대출용으로 지원 받은 35억 원 가운데 수억 원을 횡령한 혐의를 받고 있다. 검찰은 김 씨가 소속된 단체가 복지사업자로 선정되는 과정에서 미소금융중앙재단 간부 양모 씨가 1억 원의 뒷돈을 받은 정황을 포착하고 사업자 선정 과정에 불법이 있었는지를 수사하고 있는 것으로 알려졌다.</p>
  <p>미소금융은 대기업 기부금과 금융권 휴면예금 등을 재원으로 신용도가 낮은 저소득층에 저금리로 돈을 빌려주는 마이크로크레디트(무담보 소액신용대출) 사업. 이명박 정부가 내세우는 주요 친서민 정책 중 하나다.</p>
  <p>그러나 친정부 성향 단체가 사업자로 선정됐다는 의혹이 제기되는 등 사업자 선정 과정의 공정성을 놓고 잡음이 일기도 했다. 2009년 금융위원회를 상대로 연 국회 정무위원회 국정감사에서는 뉴라이트 계열인 민생경제정책연구소나 민생포럼 등 친정부 성향 단체들이 서민 소액신용대출 사업 경험이 부족한데도 사업자로 선정된 반면 사회연대은행 등 소액신용대출 사업 경험이 많은 단체에 대한 지원금이 줄어들거나 지원 대상에서 제외됐다는 비판의 소리가 나오기도 했다.</p>
  <byline>이서현 기자 baltika7@donga.com</byline>
</body>
