<header>
  <author>동아일보</author>
  <date>20110726</date>
  <subclass>경제</subclass>
</header>
<body>
  <p>재정부-한은 손잡고 물가정책 공조 강화</p>
  <p>첫 거시정책협의회 열고 수입물가 등 검토</p>
  <p>물가 안정을 위해 정부와 중앙은행이 손잡고 첫 ‘거시정책협의회’를 열었다. 각 기관이 담당하는 거시정책에 대한 정보를 공유하는 등 정책 공조를 강화하기로 한 것이다.</p>
  <p>임종룡 기획재정부 제1차관과 이주열 한국은행 부총재는 25일 서울 중구 명동 은행회관에서 거시정책협의회를 열고 거시정책의 적시성과 효과성을 높이기 위해 두 기관이 정보를 공유하자고 강조했다.</p>
  <p>협의회를 열기로 한 것은 글로벌 금융위기 이후 경제 환경과 경제정책 패러다임이 전환기를 맞이하고 있다는 점과 대외 여건의 불확실성 속에서 정책당국 간 상호협력과 정보공유 강화가 필요하다는 데 두 기관이 공감했기 때문이다. 또 미국 영국 등 주요국이 정부와 중앙은행이 참여하는 정책협의체를 신설한 점 등도 반영됐다.</p>
  <p>정부가 물가 안정을 최우선 과제로 여기는 만큼 당분간 두 기관이 힘을 모아 물가 안정에 주력할 것으로 전망된다. 임 차관은 “국제유가, 날씨 등 공급 측 요인에 수요 측면의 상승 요인이 가세하고 있다”며 “단기적인 수급 안정 대책과 병행해서 구조적, 지속적 대응을 해나갈 것”이라고 강조했다.</p>
  <p>이 밖에 재정부와 한은은 물가상승 문제에 대한 각국의 대응을 참고해서 우리나라가 활용할 방안을 검토하기로 했다. 또 주요국의 수입 물가가 국내 물가에 미치는 영향, 우리나라 물가구조 분석 등을 중점 연구과제로 선정해 공동으로 검토하기로 했다. 이와 함께 유럽 재정위기, 미국의 부채한도 협상 미타결에 따른 불확실성 고조 등 글로벌 경제 리스크를 집중적으로 점검하기로 했다.</p>
  <p>이 부총재는 “주요국 사례를 보면 글로벌 금융위기 이후 정부와 중앙은행 간 협조를 강화해 나가고 있다”며 “오늘을 시작으로 매달 정례적으로 협의회를 하게 된 만큼 양 기관이 머리를 맞대고 경제 현안에 대한 인식을 같이해 지혜를 모음으로써 국민의 기대에 부응하자”고 말했다. 재정부와 한은은 이날 협의한 내용을 발전시켜 나가는 한편 8월경 경제 현안을 주요 안건으로 2차 회의를 개최할 예정이다.</p>
  <byline>황형준 기자 constant25@donga.com</byline>
</body>
