<header>
  <author>동아일보</author>
  <date>20110119</date>
  <subclass>경제</subclass>
</header>
<body>
  <p>김찬경 미래저축은행장 “저축銀 위험 과장, 누구에게도 도움 안돼”</p>
  <p>“저축은행의 위험을 지나치게 부풀려 불안 심리를 증폭시키는 것은 누구에게도 도움이 되지 않습니다. 서민금융시스템의 안정성만 해치게 될 뿐이죠.”</p>
  <p>김찬경 미래저축은행장 겸 저축은행중앙회 이사는 18일 서울 서초구 서초동 미래저축은행 서초사옥에서 열린 동아일보와의 인터뷰에서 “부동산 프로젝트파이낸싱(PF) 대출 부실은 풀어야 할 숙제지만 위기감이 불필요하게 증폭돼 있다”며 이같이 말했다.</p>
  <p>특히 “PF 대출은 저축은행 영업의 전부가 아닌 일부이며 대부분의 저축은행은 설령 PF 대출 부실이 있더라도 다른 부문에서 영업이익을 내고 있다”며 “금융당국이 시간과 인내심을 갖고 지켜보고 대주주의 자구 노력이 더해지면 PF 문제는 2, 3년 안에 해결될 것”이라고 강조했다.</p>
  <p>삼화저축은행의 영업정지 사태가 저축은행 전반으로 전이될 것처럼 보도하는 일부 언론에 대해선 언짢은 표정을 감추지 않았다. 대주주의 자구 노력이 시작되기 전의 낡은 데이터를 갖고 쓰다 보니 멀쩡한 은행까지 ‘살생부’에 포함시켜 고객을 불안하게 만든다는 것이다. 미래저축은행이 대주주로 참여하면서 솔로몬 현대스위스 제일 등 다른 저축은행 12곳과 함께 2009년 12월 인수한 미래2저축은행(옛 한일저축은행)이 이런 사례라는 주장이다. 은행 건전성을 보여주는 국제결제은행(BIS) 기준 자기자본비율이 지난해 6월 1.87%에서 유상증자를 통해 같은 해 12월 말 5.91%까지 올라가고 올해 6월에는 우량의 기준인 8%를 웃돌 것으로 예상되는데도 ‘1.87%’만 거론하고 있다는 것이다.</p>
  <p>“미래2저축은행은 인수 전 매달 8억∼9억 원의 적자를 내다가 지금은 4억 원씩 흑자를 올려요. 저축은행 구조조정의 모범 사례에 어떻게 ‘부실’이란 낙인을 찍을 수 있습니까.”</p>
  <p>미래저축은행은 소상공인 대상 영업에 주력하고 있으며 작년 말 BIS 비율은 8.65%다. 전체 여신 가운데 PF 대출이 차지하는 비중은 6.04%에 불과하며 작년 7월부터 12월까지 6개월간 300억 원가량의 영업이익을 올렸다.</p>
  <p>그는 “대다수 저축은행은 서민과 소상공인에 대한 금융지원이라는 본연의 업무에 충실하면서 건실하게 경영되고 있다”며 “예금자들도 과민하게 반응하지 말고 차분하게 대응해주길 바란다”고 당부했다.</p>
  <byline>차지완 기자 cha@donga.com</byline>
</body>
