<header>
  <author>동아일보</author>
  <date>20110813</date>
  <subclass>문화</subclass>
</header>
<body>
  <p>[O2.식품 안전, 알고 드세요] 환경호르몬 상식</p>
  <p>뜨거운 음식을 플라스틱 용기에 보관하시나요?</p>
  <p>얼마 전 한 보도가 국내를 떠들썩하게 만들었다. 일상에서 많이 접하는 영수증, 순번대기표에서 환경호르몬의 일종인 비스페놀A가 검출됐기 때문이다. 검출량이 인체에 무해한 수준이라지만 이번 보도는 그간 지속적으로 이슈였던 환경호르몬에 대해 다시 한번 생각해 보게 하는 계기가 됐다.</p>
  <p>대부분이 화학물질인 환경호르몬은 ‘내분비교란물질’로도 불린다. 일단 몸 안으로 들어가면 인체 호르몬과 유사한 작용을 해 내분비계를 교란시켜 해를 끼친다. 환경호르몬은 쉽게 분해되지 않는다. 또 토양이나 물속에 수년 동안 남아 있고, 특히 생물체에서는 지방조직에 축적되는 특징이 있다.</p>
  <p>자동차 매연, 담배 연기, 플라스틱 용기, 화장품, 장난감, 페인트, 과일, 채소, 어패류 등에서부터 이제는 은행의 순번대기표까지. 일상생활에서 환경호르몬을 피하는 것은 결코 쉽지 않다. 그렇다면 환경호르몬에 노출되는 것을 최소화하는 방법은 없을까.</p>
  <p>○ 포장용 랩</p>
  <p>랩을 구입할 때는 재질품질표시를 꼭 확인하고 폴리에틸렌(PE) 제품을 구입하는 게 좋다.</p>
  <p>염화비닐(PVC)랩은 시장에서 많이 사라지긴 했지만 접착성과 신축성이 좋아 아직도 특히 배달 음식의 포장에 많이 사용된다. PVC랩은 뜨거운 국물과 닿으면 환경호르몬을 배출하기 때문에 각별한 주의가 필요하다.</p>
  <p>○ 유아용품</p>
  <p>젖병을 소독할 때는 끓는 물에 5분 이상 두지 않아야 한다. 오래 끓이면 환경호르몬이 나올 수 있다. 전자레인지 소독 역시 피하도록 한다. 치아발육기나 유아용 장난감도 재질을 반드시 확인해야 한다. PVC 제품의 구입은 반드시 피하는 게 좋다.</p>
  <p>○ 플라스틱 용기</p>
  <p>기름기가 있거나 뜨겁게 가열된 음식을 플라스틱 밀폐용기나 식기에 담아둘 경우 환경호르몬이 나올 수 있다. 음식은 반드시 식은 후에 플라스틱 용기에 담아야 한다. 뜨거운 음식은 유리나 금속 용기에 담는 게 좋다. 플라스틱용기 제품을 구입할 때도 역시 PVC 제품을 피해야 한다.</p>
  <p>○ 작은 생활습관부터 고치자</p>
  <p>환경호르몬의 노출을 최소화하는 가장 좋은 방법은 결국 작은 생활습관부터 고치는 것이다. 컵라면을 먹을 때 용기가 PE 재질인지 확인한다거나 드라이클리닝한 옷도 바로 입지 않고 냄새를 제거한 후 입는 습관을 기르는 게 대표적이다.</p>
  <p>세척력이 조금 떨어져도 천연세제를 사용하거나 주방용 고무장갑도 천연고무 라텍스 재질의 제품을 구매하는 등 약간의 관심과 주의만 기울인다면 환경호르몬으로부터 우리 건강을 지킬 수 있다.</p>
  <byline>이근배 신세계백화점 상품과학연구소장(식품기술사) kblee017@hanmail.net</byline>
</body>
